p50_latency_ms,p90_latency_ms,p99_latency_ms,mean_latency_ms,std_latency_ms,min_latency_ms,max_latency_ms,tokens_per_second,tokens_per_second_min,requests_per_second,batch_size,output_tokens,num_runs,mean_tokens_per_run,quantization,model
2084.0713044999575,2085.5602032996103,2086.536158529161,2084.076759099844,1.4765129631433118,2081.777446997876,2086.6445979991113,61.418114129200504,61.34250179582068,0.479828775803786,1,128,10,128.0,int4-awq,TheBloke/Mistral-7B-v0.1-AWQ
4201.152579498739,4204.540233201624,4205.02444471942,4200.395622800352,3.667671472409805,4194.540206000966,4205.078245999175,60.94668651082105,60.87877205223596,0.238072812611235,1,256,10,256.0,int4-awq,TheBloke/Mistral-7B-v0.1-AWQ
8460.707731999719,8464.054168999428,8464.155994100365,8459.656260000338,3.5629599549046325,8453.489272000297,8464.16730800047,60.52256440402549,60.49029767122505,0.11820811263080327,1,512,10,512.0,int4-awq,TheBloke/Mistral-7B-v0.1-AWQ
2180.0984455003345,2180.385091400967,2180.513520141976,2179.9132934003865,0.47519325325003464,2178.886378002062,2180.5277900020883,234.8717381943008,234.8055376077136,1.834935367434046,4,128,10,512.0,int4-awq,TheBloke/Mistral-7B-v0.1-AWQ
4393.61407350043,4394.748404600978,4395.082024158619,4393.515665900122,1.1138763351846672,4391.772660001152,4395.119092998357,233.07076694134471,232.98572310162947,0.9104326248442998,4,256,10,1024.0,int4-awq,TheBloke/Mistral-7B-v0.1-AWQ
8990.094441500332,8990.671367699179,8990.931164668473,8990.099085800466,0.4987883895439664,8989.289631001157,8990.960030998394,227.8061661788544,227.7843514973986,0.44493391694846324,4,512,10,2048.0,int4-awq,TheBloke/Mistral-7B-v0.1-AWQ
2264.0232930007187,2264.8089762031304,2265.7407775214597,2264.0909331006696,0.8275039956628949,2262.9396239972266,2265.844311001274,452.2787145126649,451.92866739705323,3.5334269852156557,8,128,10,1024.0,int4-awq,TheBloke/Mistral-7B-v0.1-AWQ
4589.950338500785,4590.335008700276,4590.359500669474,4589.831577201039,0.452677799242214,4589.126235001459,4590.362221999385,446.20374091604015,446.152155528147,1.7429833459986221,8,256,10,2048.0,int4-awq,TheBloke/Mistral-7B-v0.1-AWQ
9544.76591850289,9547.16771179883,9547.95848077978,9545.16661609996,1.2953968352586656,9543.924313999014,9548.046343999886,429.117713725238,428.98828225461835,0.8381205191857305,8,512,10,4096.0,int4-awq,TheBloke/Mistral-7B-v0.1-AWQ
